,Store_ID,Units_Sold_Mean,Units_Sold_STD,CV_percent
0,A,25.51645011523431,14.42035872552325,56.51396906858034
1,B,25.563542639797145,14.43606869997102,56.471315041824646
2,C,25.54725249091939,14.37795543919657,56.279850227757855
3,D,25.605535239361704,14.413363298893275,56.290029339970836
